pop	Tree	yb01	yb15	yb21	yb04	yb06	yb12	yb13	fil36	yb08	yb22
1	TV1003	159173	185185	099111	142160	214238	109121	189197	151167	124140	177181
1	TV2003	157159	191199	111125	150160	232238	109121	175175	151163	124124	189189
1	TV2004	169177	193197	095099	146150	224228	121121	175211	153167	138138	169184
1	TV2005	167169	193207	095097	150160	224230	109109	175211	167171	138138	171184
1	TV2017	157159	191207	099099	142160	208212	105105	175197	153163	126138	169187
1	TV2026	157183	175191	111113	146160	232234	105121	175175	151165	123138	000000
1	TV2030	157157	197207	000000	164170	210218	105105	175183	151153	123123	184184
1	TV2031	153165	185197	099113	142160	214234	105109	175175	151151	124138	179189
1	TV2032	157169	000000	097099	140148	208216	105105	175191	000000	126126	181201
1	TV2033	149157	193197	000000	146170	208234	121121	175175	161163	126126	189195
1	TV2034	163167	000193	000000	160170	208224	109121	175191	151153	123138	168170
1	TV2035	165171	207207	097099	000000	000000	000000	000000	153163	000000	169187
1	TV2041	149167	185197	099099	142150	208224	105109	175175	153161	123124	181195
1	TV2048	153177	191191	097097	150150	210224	105105	183191	161165	138138	169189
1	TV2053	145165	183199	099113	160160	224234	105109	175183	151161	138138	182189
1	TV2055	157169	177000	097097	146150	214228	121125	183187	151161	123123	167189
1	TV2060	157159	177191	091091	148162	220222	101105	193197	163169	138138	171189
1	TV2062	157173	197207	097097	146160	228240	101125	179187	151163	138160	189189
1	TV2064	143159	193197	111111	150150	218232	105105	175197	151151	138138	169191
1	TV2065	145159	185195	099111	142150	218224	105109	185197	151151	123138	169187
1	TV2066	167169	189195	000000	148150	222234	105121	187187	163163	138138	170179
1	TV2068	165165	197211	101101	000000	000000	000000	000000	163167	138138	193193
1	TV2069	165167	197197	111117	144150	208224	121121	175211	000000	125125	189193
1	TV2071	161161	173197	103111	154166	226246	105105	175191	151161	126140	173189
1	TV2078	153163	173195	117117	148166	220238	105105	175205	163163	142142	171189
1	TV2080	157167	185197	000000	142150	218226	105121	175175	151151	123123	170174
1	TV2086	145167	185000	000000	130176	208226	105113	191203	165169	127142	000195
1	TV2090	153159	173195	099109	138166	220220	105109	175189	163169	127129	189189
1	TV2091	000000	000000	107115	000000	000000	000000	000000	000000	000000	000000
1	TV2252	157159	173173	095099	144150	216224	105109	175205	165165	140142	182195
1	TV2253	151169	183197	000000	144150	216232	105105	175175	151163	134134	168191
1	TV2254	159165	183197	097099	142150	224224	105105	175175	151163	126126	182000
1	TV2257	151159	183197	099099	142150	232234	105105	175175	151163	140140	170189
1	TV2258	169169	000000	099113	144148	208210	105121	175175	161165	123124	183193
1	TV2259	149163	000000	097097	000000	210210	105121	175205	161165	140140	177183
1	TV2261	157169	183199	097105	138150	218240	105121	175175	153167	138138	170179
1	TV2265	145149	185185	111125	160162	208232	105109	175175	151161	123124	186187
1	TV2268	137157	197205	099117	142148	208222	105121	175175	151167	138138	150171
1	TV2269	157163	185000	099099	142150	228234	105125	197211	151167	134134	000000
1	TV2270	157163	185000	099099	142150	228234	105125	197211	151167	134134	000000
1	TV2271	163165	185000	000000	148150	208234	109125	197207	163167	132134	169195
1	TV2272	161165	000000	097097	164168	222234	109121	173183	163163	126126	191193
1	TV2273	157165	000205	097117	000000	000000	000000	000000	000000	000000	000000
1	TV2275	161175	183193	095099	000000	000000	000000	000000	000000	000000	000000
1	TV2277	165187	187197	099115	144150	234234	105125	175175	163173	123123	181185
1	TV2280	157171	185193	107107	142142	000000	105109	175183	163163	123124	169181
1	TV2281	155163	185197	099099	142170	224224	105105	175205	151163	138138	171191
1	TV2282	165183	183197	099099	142150	208222	109121	201201	000000	000000	000000
1	TV2283	149163	173185	099115	148150	226232	105113	000211	000000	000000	000000
1	TV2284	161183	195195	099099	142142	208234	105113	175175	151163	134134	169189
1	TV2285	165169	173183	099099	138144	224226	105105	175175	167000	138138	181195
1	TV2286	159175	183197	095095	142146	224234	105109	175211	163165	134138	181195
1	TV2288	167175	000195	099099	142144	216234	105105	175197	151163	138138	179179
1	TV2290	159167	193197	111113	142164	000000	105121	175211	151161	000000	179181
1	TV2293	149169	185191	099111	142144	208234	121121	175175	161163	138138	169187
1	TV2295	163173	197197	099107	138142	224240	105109	175197	166166	000000	000000
1	TV2296	149157	205205	099099	142150	224228	105109	175175	153161	134134	179185
1	TV2297	137159	000000	000000	142144	214226	105105	000211	161163	138138	179189
1	TV2298	157169	195195	097097	142150	222226	105109	187201	151161	123142	182182
1	TV2299	147167	197197	099113	138148	224224	121121	201211	161165	126138	179189
1	TV2300	000000	000000	000000	000000	000000	000000	000000	000000	000000	000000
1	TV2301	000000	000000	000000	000000	000000	000000	000000	000000	000000	000000
1	TV2302	165165	000000	099109	144146	226226	105105	175205	153167	132132	182195
1	TV2304	153163	000000	099099	142142	222240	105121	000000	151153	126126	181189
1	TV2501	163167	183183	097111	142150	208216	105121	175175	000000	138138	179195
1	TV2502	155165	197197	111111	146158	208234	121121	175197	161165	126126	183195
1	TV2503	151155	197199	099099	138150	208234	105113	175211	151165	124138	167195
1	TV2504	157159	000000	091113	150160	208226	105105	175175	151163	126138	170185
1	TV2506	173179	000197	091099	138144	226232	105105	175197	151163	129138	187195
1	TV2508	000000	000000	000000	142160	232240	105105	175201	000000	000000	000000
1	TV2511	149167	187195	117117	150154	216222	105105	000000	161165	132140	173185
1	TV2514	167171	181195	093093	146150	208216	121121	000000	161169	127142	173182
1	TV2515	145149	173195	099115	146150	220226	105105	187199	151169	138140	173190
1	TV2517	149163	181205	091099	146148	208208	101101	175187	000000	000000	000000
1	TV2518	145163	187195	097101	146158	218224	105109	183000	153169	133138	179185
1	TV2519	159167	193207	091095	146150	208234	105121	181181	161169	140142	000186
1	TV2520	167181	187187	099099	146148	210222	105109	175183	149171	142144	167173
1	TV2522	165175	187193	097097	148154	224232	109121	175183	165167	144144	173189
1	TV2523	157173	193197	099111	146148	224230	105105	175197	169169	127000	000179
1	TV2524	165175	185185	099099	150158	220222	105109	183211	151151	140140	179000
1	TV2525	165175	000000	000000	150158	220222	105109	183211	151151	140140	179179
1	TV2527	157163	185197	095099	142170	210234	109109	175211	151169	134134	172189
1	TV2529	163167	207207	099111	142146	208234	105109	175175	161163	132140	000000
1	TV2530	157179	195197	099111	142170	208224	109121	197201	151151	123123	000000
1	TV2753	157159	185197	099099	150150	208224	105125	175175	151167	124138	000000
1	TV2755	137179	000000	000000	144144	208218	105121	175175	151161	138138	181195
1	TV2757	157163	183199	099099	142160	234236	105105	175175	151163	132138	170187
1	TV2759	157159	197197	099099	150150	224234	105109	175183	159163	134134	187195
1	TV2762	161163	183199	000000	144160	218240	105105	175211	151163	132132	167189
1	TV2764	157159	000185	107111	144150	210222	105109	175175	167167	126132	187193
1	TV2766	151159	000000	099111	138160	232240	105105	175183	151163	132132	179193
1	TV2770	153169	199199	111111	138162	236238	105109	175175	161163	138138	169189
1	TV2772	159163	185185	099119	138142	222240	105121	175183	000000	000000	000000
1	TV2773	149157	185000	111111	150156	208226	105105	175201	153167	123124	170195
1	TV2774	157163	000197	097097	144172	208236	109121	175201	151163	140140	187187
1	TV2775	153157	187187	097099	138170	208214	109109	000000	151161	124124	170179
1	TV2780	137169	183183	099105	146158	220234	105109	175197	153163	123124	169187
1	TV2781	157161	185197	097117	138150	208218	105109	173175	163167	123142	187187
1	TV2782	157157	000000	000000	160168	208234	105109	175175	151161	124138	179187
1	TV2783	000000	000000	000000	000000	000000	000000	000000	163163	126138	184189
1	TV2784	163163	000197	097099	144146	218224	105121	175175	151167	134138	179195
1	TV2788	163163	183185	097099	144158	208220	121121	175197	153163	124124	187187
1	TV2789	157157	197197	000000	150160	208224	121121	175211	153161	124138	178189
1	TV2790	159161	197197	101101	142160	224232	105105	175175	159167	126126	183191
1	TV2792	165171	195197	101109	146170	208216	105121	175197	153163	124138	167179
1	TV2795	145171	185187	099099	146170	208220	109121	175213	161163	132138	169187
1	TV2796	155159	185205	099099	000000	000000	000000	000000	163167	124138	167167
1	TV2797	169183	197207	113115	146174	208228	105121	183201	151163	124124	170184
1	TV2798	149157	185185	099099	146160	000214	105105	173211	151161	138138	187189
1	TV2804	171171	195195	099107	150160	222224	105105	175183	153163	130130	181189
1	TV2806	000000	000000	000000	000000	000000	000000	000000	163167	134134	181189
1	TV2808	151159	185187	097099	142160	000000	121121	175213	163165	126126	169181
1	TV2810	157165	199207	111113	142160	214234	105105	175175	151159	126126	169189
1	TV2812	157161	193193	101101	138142	218218	105121	175183	151161	132138	187191
1	TV2813	139163	189197	111111	138142	226232	109109	175183	163163	126126	167184
1	TV3001	161173	187197	111111	150150	220222	105105	175183	161163	132138	193195
1	TV3002	161167	181187	097107	148170	208208	105121	175199	151165	124134	182195
1	TV3003	151163	197197	000000	136150	216232	105105	175183	167167	123132	180182
1	TV3005	159163	195197	097099	142150	234234	121121	175197	000000	000000	000000
1	TV3006	149151	205207	107107	142148	208236	105105	175175	151161	128132	169189
1	TV3007	145163	183193	099099	144146	220236	105121	175201	163165	126131	181181
1	TV3008	163171	197207	105105	148150	220234	105125	175197	161175	138138	181195
1	TV3009	157157	181195	095099	146150	222224	105105	189211	151167	126126	189189
1	TV3010	171173	185197	105111	150150	220242	105125	175175	151175	138138	181195
1	TV3011	145163	195197	105115	142150	218224	105105	183197	151163	125132	181195
1	TV3012	159171	000000	099099	148170	218234	105105	175175	161163	132138	182189
1	TV3013	149163	173181	099115	146148	224234	105121	183183	167177	124128	179181
1	TV3014	163165	181193	097099	142152	208208	109109	175185	163165	124138	189195
1	TV3015	153163	183197	109111	142158	208230	105125	183183	151161	138142	170189
1	TV3016	163165	197199	099099	150150	218222	105105	175175	163167	124131	181181
1	TV3017	165173	187197	099105	148150	208220	105125	175197	161163	132138	195195
1	TV3018	137167	000197	099099	144170	220222	105113	187187	163177	124126	169185
1	TV3019	163171	185203	099099	150160	234234	109125	183205	163167	138138	169181
1	TV3020	153171	185207	111111	142150	234242	125125	175183	000000	133138	181183
1	TV3021	153171	185197	121121	150152	226234	105125	169183	165175	125138	169181
1	TV3022	153163	185197	111111	148164	208208	105121	175175	150163	124132	169182
1	TV3023	151169	197197	091097	150170	208220	121121	175175	161163	126142	182187
1	TV3024	153171	207207	111111	142168	220222	105109	175187	163163	138142	179193
1	TV3025	159163	193197	099125	152170	210222	105105	175183	151161	124138	000000
1	TV3026	163163	193199	099107	150160	208218	105121	175000	163167	132186	179193
1	TV3027	163175	199205	099109	150150	208224	105121	175183	163167	132138	182193
1	TV3028	145157	183205	125125	136150	234234	105109	175201	167167	138138	182189
1	TV3029	145163	199199	099107	146150	218228	121121	175175	163163	126186	182193
1	TV3030	159163	187199	099107	150160	208208	105121	175183	163167	132186	193193
1	TV3031	000000	000000	107107	150170	218220	109121	175183	161167	124124	169181
1	TV3032	159163	185185	111111	000000	210224	105105	175207	165165	126138	185187
1	TV3033	151161	187205	095111	150170	208230	109121	175183	000161	126138	181193
1	TV3034	151161	187205	095111	150170	208230	109121	175183	000161	123138	183000
1	TV3035	155163	183205	099099	160170	234236	105121	173173	153167	138138	181185
1	TV3036	163163	193193	099099	150170	218234	121121	175185	159167	132138	169179
1	TV3037	169177	193197	097099	142150	208230	109121	183201	150163	126126	181191
1	TV3038	169177	193197	097099	000000	000000	000000	000000	151163	126126	181191
1	TV3041	153159	197203	099107	146170	224224	105121	175175	161175	124124	169169
1	TV3042	159169	183197	097099	148150	228230	109109	175213	151163	124138	181191
1	TV3043	163169	000000	107107	148164	224232	105121	175199	163177	126138	185195
1	TV3044	165173	185197	107107	142164	210220	105105	175175	165167	124133	185193
1	TV3045	171173	195205	099111	146170	208224	105105	175189	151165	124142	183187
1	TV3046	137163	195197	095099	150150	000000	105125	175203	153167	138142	170185
1	TV3047	159167	183195	099111	156162	210238	101109	175175	163167	134142	180193
1	TV3048	153167	173195	111111	170170	224236	121125	183201	153175	124138	195195
1	TV3049	159161	193197	097107	150150	228230	109109	175175	163167	124138	181191
1	TV3050	163169	197199	099107	150164	238240	121121	173183	167167	132132	189195
1	TV3051	169171	185185	111111	142144	222234	121121	175197	167167	138138	182185
1	TV3052	151177	193205	099111	152160	208212	109109	175175	151169	124142	182000
1	TV3053	163169	183195	099099	142170	208218	109125	195213	000000	138138	000000
1	TV3054	151179	191205	099111	146170	218230	105105	175193	167000	124152	000000
1	TV3055	159171	197197	099099	158164	218240	105121	173175	159167	132132	187195
1	TV3056	159171	197197	091097	150170	230240	109121	173175	167167	132138	181195
1	TV3201	000000	175191	114114	152152	222224	105125	179191	151165	129142	177182
1	TV3202	159159	185185	099107	142154	208224	121121	175175	151163	134134	173187
1	TV3203	159163	185197	099107	142154	224236	121121	175175	151163	134144	173187
1	TV3204	167181	185191	113113	142150	208214	105105	175211	169169	134142	187189
1	TV3205	149153	181195	111115	142148	218224	105105	173000	151163	125125	185187
1	TV3206	149173	173205	099099	148158	224238	105109	175183	161175	144144	168181
1	TV3207	149173	173205	099099	148158	224238	105109	175183	161175	144144	168181
1	TV3208	143169	183191	099115	144148	212220	105121	175199	163163	138142	189195
1	TV3209	145177	195195	115115	142150	234236	105121	175183	161163	125125	181189
1	TV3210	137159	000195	107109	142160	218228	105105	175183	151163	123138	189193
1	TV3211	167179	191197	099099	150154	208220	121121	189211	163169	127134	171187
1	TV3212	000000	191197	099115	142142	208220	105105	189211	169169	126127	150187
1	TV3213	159179	185191	113115	142150	220236	121121	189211	151163	126127	171187
1	TV3214	143157	173175	099119	144172	212224	105105	181199	165169	142152	187189
1	TV3215	145163	181195	111111	142148	208218	105121	201201	151151	132138	000000
1	TV3216	155163	181195	099111	142148	218224	105121	175183	151163	132138	000000
1	TV3217	169175	187187	113115	154172	222234	105109	175189	151175	124125	181181
1	TV3218	175177	197197	099099	142142	224228	105121	195197	163167	123132	181181
1	TV3219	157171	187187	111115	142154	214226	109109	175189	151151	142144	175181
1	TV3220	175181	195199	099099	160164	210220	105105	183199	151169	140146	150150
1	TV3221	163169	185195	095099	148160	210238	105105	183183	151167	124186	181189
1	TV3222	171177	175187	099121	148152	226236	105109	179179	161169	140142	175175
1	TV3223	145171	177187	113121	148170	228236	105109	179183	161163	142142	171177
1	TV3224	177181	175197	107107	146146	210226	109109	179183	163169	144144	170194
1	TV3225	149169	175193	000000	150152	220236	105109	193193	151165	140142	179179
1	TV3226	149159	173199	099099	150152	214228	105105	193195	165169	124144	167167
1	TV3227	163169	195205	095111	142154	208234	101109	173185	161161	125186	171193
1	TV3228	143185	191195	095095	150150	214218	105105	199211	163169	142146	150193
1	TV3229	159161	181187	111121	148158	214226	105105	175175	149163	124156	181190
1	TV3230	161177	185185	109115	142148	208218	105121	173175	167177	132144	195195
1	TV3231	145173	197197	099105	148150	224228	105121	175197	151163	126138	182195
1	TV3232	157171	185197	091097	142162	220232	105113	175000	161163	126126	185193
1	TV3233	149171	185193	099101	146148	210214	105113	183183	151151	132138	177181
1	TV3234	155165	187197	099117	142146	208214	105105	183201	165165	132156	182190
1	TV3235	000000	000000	000000	146152	216222	105105	183183	169169	125142	170179
1	TV3236	163163	175195	111115	150154	226236	101109	175175	151163	142142	181000
1	TV3237	169179	173189	093113	150152	226228	105105	167189	151165	133144	181181
1	TV3238	151161	185197	099107	146148	226232	109109	183183	151169	140148	181194
1	TV3239	169171	191193	107109	150158	220234	105105	169189	169169	128144	183194
1	TV3240	161169	193197	099107	148150	230242	109121	175183	153167	123138	169191
1	TV3241	171171	000000	107111	152152	212216	101105	169183	153167	123129	170181
1	TV3243	157169	175195	111121	148172	226234	109109	179000	161161	125138	177193
1	TV3244	167169	173173	113115	158158	224228	105105	167189	151165	144186	179186
1	TV3245	163167	179193	101101	148150	230236	109121	175213	151167	125125	181193
1	TV4251	149157	185195	099111	146162	230238	105109	177197	161169	140158	187187
1	TV4252	155165	175189	109119	154168	210222	109109	000000	163165	127156	171195
1	TV4253	165173	175189	109119	154154	228234	105105	000000	000000	000000	000000
1	TV4254	149173	175189	095095	150156	210220	105121	183000	151163	126133	171181
1	TV4255	159175	183205	109121	148148	214220	109113	179195	151169	134134	167173
1	TV4256	143165	175185	099109	146168	222224	109109	197197	163165	156174	193193
1	TV4257	157171	195197	101119	158168	220234	105109	175203	151151	129138	181191
1	TV4258	157167	185195	000000	146154	212220	105117	175175	151165	128134	167181
1	TV4259	157175	175175	109109	152168	214234	105105	000197	167167	127142	183193
1	TV4260	157169	185197	099109	150152	224242	105105	167189	153167	132174	186186
1	TV4261	155157	185185	107113	152154	212214	109109	187197	167167	133142	179183
1	TV4262	155181	185189	093107	146152	212224	109109	183187	165167	133133	000167
1	TV4263	151177	177209	111113	152154	220224	105109	167179	163165	124129	180182
1	TV4264	163179	189195	109109	154178	226226	105117	189189	165165	127127	179179
1	TV4265	157179	185189	107109	152178	212228	105109	187189	167167	140140	167179
1	TV4266	143171	185189	099109	146148	214218	105105	183197	163169	174186	183183
1	TV4267	157179	181195	095107	154178	212224	105109	175183	163169	126140	150171
1	TV4268	169179	185199	109123	146178	214226	105125	175197	151167	126142	150150
1	TV4269	151169	177185	111113	146154	214224	105125	191197	167167	129140	000000
1	TV4270	159179	195195	095113	146178	214224	105117	175211	151165	140142	167169
1	TV4271	157159	185185	109109	152158	224234	121121	175189	159163	174174	169183
1	TV4272	169179	185189	107113	152154	214220	105109	187187	165167	133140	177183
1	TV4273	169179	185199	113121	148152	214218	105109	175197	163165	140142	179191
1	TV4274	141169	181185	093099	152154	224236	105109	199199	151167	129140	167183
1	TV4275	000000	189195	095095	150154	228232	117125	189199	151167	133140	167186
1	TV4276	167177	173189	095099	152178	224248	105105	175191	151169	124140	161167
1	TV4277	161179	173195	095099	146154	224224	105109	175000	169169	128131	167193
1	TV4278	161179	175189	111119	150154	000000	117125	000000	151167	133138	179183
1	TV4279	157159	177195	093099	148168	212000	105105	183203	151167	126138	179181
1	TV4280	167169	189203	107107	146178	212224	105105	175199	151169	132140	150181
1	TV4281	159167	193203	099099	150162	220226	109109	189189	151169	128140	175183
1	TV4282	157169	181185	095113	146146	212212	109117	183197	163165	126140	171179
1	TV4283	151175	193195	099117	166168	214224	105125	000199	165183	134156	167179
1	TV4284	161175	173173	109117	146168	224226	105105	000217	149167	131156	167193
1	TV4285	171175	173195	095123	000000	000000	105113	175000	163167	138142	179189
1	TV4286	167175	175181	093123	146168	214224	105109	197215	149167	126142	179193
1	TV4287	169175	173185	093117	152168	224226	105109	197215	149167	134142	179193
1	TV4288	145169	173181	117123	146168	224226	105105	197215	163163	142156	167183
1	TV4289	157161	193195	109121	154162	224228	109109	175000	163163	128164	191193
1	TV4290	165169	175175	091099	150154	208234	105105	183000	163163	142156	187193
1	TV4291	155169	175197	093099	146152	212242	105105	000199	151161	129140	167183
1	TV4292	157179	181189	099107	152154	214228	109109	187205	151167	136140	167173
1	TV4293	161179	173193	099109	148154	218224	109109	175000	163167	128164	182191
1	TV4294	149171	175175	099099	146168	210224	105109	183000	165165	140164	174182
1	TV4295	149171	175175	099099	146168	000000	105109	000000	165165	140164	174182
1	TV4296	159171	175183	099119	150168	222222	105109	175187	163169	138156	179183
1	TV4297	167169	173185	091093	146168	212226	105105	183183	151165	126142	000187
1	TV4298	169179	185199	093117	152154	212218	125125	175213	167169	134142	000000
1	TV4299	169181	185203	093093	150152	220220	105105	197199	167167	134140	193193
1	TV4300	167175	175189	095099	154168	212222	105117	000000	163165	127140	167182
1	TV4301	157165	175193	099121	148154	218222	109109	175000	163163	127142	182193
1	TV4302	161179	181197	101119	150152	216220	105105	183189	151165	128140	181181
1	TV4303	159177	177189	095099	150170	222226	105105	183191	151165	125186	175181
1	TV4304	163173	193195	095095	150170	214214	105109	187187	151167	128144	179189
1	TV4305	165167	173175	093109	154162	214222	105109	175000	163169	127142	182197
1	TV4306	157175	175195	099121	146150	210222	105105	175000	165169	138156	167182
1	TV4307	161163	173195	091109	148170	224226	105105	189189	151165	128142	150194
1	TV4308	165175	177187	099099	152152	214226	105105	167187	163173	125129	175180
1	TV4309	169171	195197	095109	162168	214234	105109	179000	151167	156164	181183
1	TV4310	149157	191197	115115	142150	230244	105105	175187	151161	126129	187195
1	TV4311	153159	195205	099099	158162	222224	105121	183189	151163	126186	000183
1	TV4312	153167	173197	093115	158166	214230	109109	175175	151163	140144	187187
1	TV4313	155157	179205	091121	148160	224226	105121	189203	151151	134138	182195
1	TV4314	169171	189195	091117	140162	208216	105121	183183	151169	124144	187195
1	TV4315	000000	000000	000000	154164	222222	109121	189199	151161	132144	182194
1	TV4316	157169	179195	099099	150154	228230	105109	177187	151151	126142	179188
1	TV4317	159169	179205	121121	150150	208228	105121	175187	151169	140142	179187
1	TV4318	169177	175179	093121	150154	222234	105105	175189	151161	132144	182194
1	TV4319	153169	173179	091093	148158	208224	109121	175175	163169	138142	195197
1	TV4320	165169	173000	099121	148158	204208	105121	175189	169175	129138	175194
1	TV4321	157161	173000	091101	146148	208220	101109	000000	151151	126138	182195
1	TV4322	000000	000000	000000	150162	224234	105109	175189	151163	138144	182195
1	TV4501	163173	175185	095097	148154	224224	113121	175175	169175	000000	173191
1	TV4502	161179	173195	099099	148154	214224	105105	187205	167169	126144	179186
1	TV4503	173181	187187	095095	152156	210220	105105	183189	151163	127138	179181
1	TV4504	159173	197197	095099	148154	222228	109113	195195	163169	124133	171186
1	TV4505	159177	179195	099099	152162	208222	105105	189189	151151	124142	181194
1	TV4506	157179	185193	000000	150152	222228	105109	189197	151167	124142	150183
1	TV4507	149153	189195	099121	142162	218226	105109	187203	151151	125129	169183
1	TV4508	151165	195195	109109	148154	228234	105105	000211	151163	125164	181181
1	TV4509	157171	185195	117119	140152	214216	113117	183183	151167	124142	161167
1	TV4510	151169	173175	000000	148150	214226	105109	185211	151165	129140	169182
1	TV4511	161175	173197	097099	146148	216220	105109	199203	151163	138140	169186
1	TV4512	149169	181185	099123	152168	210214	109109	183197	167169	000000	183191
1	TV4513	149165	173189	095095	146152	220228	105105	191211	163175	129144	161179
1	TV4514	149149	175189	099099	146162	226228	105109	183211	151163	129138	179182
1	TV4515	000000	000000	000000	000000	000000	109109	195211	151151	129154	187187
1	TV4516	159169	179181	099099	146162	208220	105105	167203	151169	125142	192192
1	TV4517	159161	179181	121121	152162	220226	105105	189189	151169	125142	169192
1	TV4518	177177	175187	109111	146160	224224	105105	167197	163169	133148	182182
1	TV4519	167169	181185	115119	146162	214228	109113	197197	167167	140142	000000
1	TV4520	159179	193195	099121	146158	222224	105113	175195	167167	124144	000182
1	TV4521	159185	173173	099101	152168	214226	105109	185185	169169	142170	169181
1	TV4522	159179	175193	111119	162162	228228	105109	189211	163169	129140	000182
1	TV4523	147159	175179	111121	162168	208214	121121	183203	151151	134142	169182
1	TV4524	167169	175189	107123	152154	212228	105117	183183	169169	140142	167182
1	TV4525	179185	173193	101119	154168	214228	105105	185189	169169	126170	000000
1	TV4526	157159	173189	099099	146000	220226	105105	189203	151163	138156	169171
1	TV4527	000000	000000	000000	000000	000000	000000	000000	000000	000000	000000
1	TV4528	157173	177181	099123	146152	214228	105105	167183	163167	129134	167175
1	TV4529	145177	183187	099099	142142	232234	105121	175175	163163	138138	179181
1	TV4530	157171	173185	115123	152162	220228	105109	175197	167171	142142	167194
1	TV4531	151169	175189	095095	152162	220226	105109	191191	151167	125140	169179
1	TV4532	161179	185187	095119	154154	226228	105117	187189	000000	000000	000000
1	TV4533	161179	185187	095119	154154	226228	105117	187189	165165	123140	175179
1	TV4534	157171	181195	123123	000000	000000	000000	000000	165167	127133	000193
1	TV4535	157185	183185	121123	000000	000000	000000	000000	151167	124133	167193
1	TV4536	151179	175191	099113	144168	222238	105125	167225	165179	129144	183196
1	TV4537	157157	175181	095107	146154	228232	105105	199199	151167	128133	169193
1	TV4538	000000	000000	000000	000000	000000	000000	000000	000000	000000	000000
1	TV4539	149159	185195	115115	152168	214220	109109	191213	163163	126132	189193
1	TV4540	155159	185203	000000	152152	214220	105105	189197	151165	140140	181181
1	TV4541	000000	000000	000000	000000	000000	000000	000000	000000	000000	000000
1	TV4542	159163	187197	099099	150150	208222	109109	175199	151151	125138	181187
1	TV4543	153159	000203	099099	150150	220226	105121	175199	151151	138144	181195
1	TV4544	157167	189193	099119	154162	226228	105105	189191	167167	124140	150186
1	TV4545	155181	197203	099099	152154	208236	105105	191199	151167	138140	167181
1	TV4546	173179	187189	095119	150154	214228	105117	187187	167167	128140	179183
1	TV4547	155181	185203	099119	150152	212220	105109	199199	151165	138140	167183
1	TV4548	167169	179189	091105	154162	214226	105109	175189	151151	128134	150194
1	TV4549	161167	185187	115119	146154	218222	105109	187187	161177	129144	175183
1	TV4550	155173	189205	107107	142154	228234	109113	183215	165167	124148	179193
1	TV4551	155167	185197	000000	146178	212234	109113	175187	151175	126129	150183
1	TV4552	171173	189195	111119	142150	228234	109113	183183	165167	124148	173181
1	TV4553	169175	173195	095119	146152	218224	109109	187195	151151	144144	165181
1	TV4554	163175	173195	095107	150150	214218	105113	179195	151151	128144	165181
1	TV4555	163171	175187	113123	152164	220226	105105	183199	151167	128134	181181
1	TV4556	145169	175187	123123	148168	220226	109109	183000	149167	142142	167193
1	TV4557	155155	191195	099115	168170	220224	105105	175197	169169	134144	171171
1	TV4558	157175	173205	109115	152168	220220	109109	179197	151163	134134	173181
1	TV4559	167171	195195	095097	148148	214224	109113	189189	167169	128138	189191
1	TV4560	159163	177195	099111	142150	208234	105121	175189	151151	142186	183189
1	TV4561	167193	195195	115115	000000	208224	000000	175187	161165	127138	161169
1	TV4562	171177	181207	099115	148154	220220	109109	175189	151167	126148	150195
1	TV4563	161177	173177	095111	142146	210220	121121	183211	151165	126126	183191
1	TV4564	163163	185197	095099	130148	222226	105109	175183	151167	129129	187193
1	TV4565	149163	195205	099115	150154	220224	105109	187195	151161	123186	189191
1	TV4566	167177	177197	097111	142148	208224	105121	175211	163169	126126	150150
1	TV4567	157171	173177	099121	148154	218224	109109	179195	161165	140140	179189
1	TV4568	149167	195207	093099	160168	208218	105105	175189	151161	138144	169195
1	TV4569	167173	175205	093095	146162	208222	113121	175189	151151	138142	182197
1	TV4570	167173	173177	095111	152154	214224	105109	189189	151163	129138	000000
1	TV4571	157159	177181	095099	148148	216224	109113	175175	167169	134142	187195
1	TV4572	157159	173177	099111	158168	220238	105109	175179	151151	138186	175189
1	TV4573	155159	195197	099109	142170	220230	105121	175175	163167	138142	174183
1	TV4751	171173	173185	095099	158162	208226	105121	173175	151163	144144	181193
1	TV4752	143159	191195	095095	150154	214218	105105	199219	165169	127152	150179
1	TV4753	159177	191191	000000	150164	214224	105105	183211	151163	142146	150189
1	TV4754	143159	181191	115115	142168	214220	105105	179189	151169	138148	167171
1	TV4755	143179	191195	099099	142144	218220	105105	189199	151169	138146	171193
1	TV4756	143157	179191	099099	150154	210220	121121	189189	151151	126138	000000
1	TV4757	171179	173191	099099	142146	220222	105105	179211	169169	138140	150179
1	TV4758	171179	187191	099115	152154	220220	105105	193211	169169	138138	171179
1	TV4759	161183	191197	095115	146170	220228	109109	195211	151167	127140	150150
1	TV4760	171171	187195	095099	148148	220222	105105	179193	165169	140140	167169
1	TV4761	169177	175187	097111	146148	226238	105105	187203	163167	140148	181181
1	TV4762	000000	187187	110122	142166	220224	109109	177183	151169	129129	177181
1	TV4763	169181	175207	095095	146154	224228	105109	173187	167169	144144	170190
1	TV4764	149169	187191	109109	148158	210222	105105	189193	165169	129129	150179
1	TV4765	159163	195207	099107	154168	214218	105105	173175	151167	138138	150189
1	TV4766	159171	185193	099107	148148	220220	105109	175183	151169	126144	173183
1	TV4767	157163	179195	105105	148150	208228	105109	175189	151167	126138	167170
1	TV4768	171171	187195	109109	162166	220220	113113	177187	169169	132142	179191
1	TV4769	171171	189193	099101	148148	214224	105105	167189	161167	133142	183183
1	TV4770	157171	189197	095099	148148	214214	105125	183199	167169	000000	179191
1	TV4771	163171	189205	115000	152154	210220	105109	189189	165165	140144	150167
1	TV4772	163175	185187	091091	148158	214224	105105	173179	151167	128134	189195
1	TV4773	171179	179189	095097	158168	214220	105109	183199	165169	144148	179191
1	TV4774	163171	187191	099109	148154	218220	105105	189193	151165	144144	150167
1	TV4775	155159	173195	099105	154168	222224	105105	175187	151151	134134	167191
1	TV4776	171171	189197	097099	148168	210214	105109	179199	163169	000000	167191
1	TV4777	159163	185195	105121	000000	000000	000000	000000	151167	134138	167189
1	TV4778	159163	185195	105121	148154	224228	105121	173173	151167	134138	167189
1	TV4779	000000	197197	099099	142150	208208	105105	175205	151151	126138	181189
1	TV4780	157159	175189	095095	148154	214224	105109	175189	151169	126126	179189
1	TV4781	157163	185185	111113	150152	212224	105105	173197	163163	132142	183195
1	TV4782	157167	185197	097099	144152	208234	105105	175211	151161	124138	161181
1	TV4783	175177	195201	099121	146148	224226	105105	179183	151167	134142	170182
1	TV4784	137161	173197	099099	150152	208224	105105	175183	151169	128140	000000
1	TV4785	169169	193205	111111	152172	214224	101101	183189	163169	127142	179186
1	TV4786	157159	185197	099109	142146	208220	105105	175187	151163	128128	181189
1	TV4787	159179	185185	095107	148178	000000	105109	175175	151169	126144	173191
1	TV4788	157157	185197	099111	142168	214236	105105	175175	151169	132138	181181
1	TV4789	159171	193195	099101	142146	214214	105105	175189	169169	148186	183183
1	TV4790	145173	187189	109113	146158	210232	105105	187201	151161	128144	181181
1	TV4791	171181	175195	099109	148150	222224	105105	185185	151151	138144	179179
1	TV4792	159177	000000	099105	148150	208220	121121	173175	163175	132132	182189
1	TV4793	147173	173189	099115	160162	214218	105105	193219	167169	142142	171187
1	TV4794	157163	181197	099121	150150	236236	105109	175189	151175	128140	181187
1	TV4795	137159	191197	099111	142148	208222	105105	175205	151165	128152	189189
1	TV4796	175177	193207	111111	146160	220224	101105	191191	151167	133148	180187
1	TV4797	155161	173195	099099	148162	208214	105105	205219	151167	164164	179183
1	TV4798	171171	185205	111121	146152	216238	105105	179179	163163	140142	169179
1	TV4799	157165	187187	099101	146168	214218	105109	189191	161167	000000	183183
1	TV4800	151171	185189	099121	146148	212220	105105	183183	151165	126148	181193
1	TV4801	167169	175197	097099	142152	222224	101109	181199	163169	000000	181181
1	TV4802	171171	193193	099101	146148	214220	105105	183189	161169	126148	181183
1	TV4803	171171	193193	099101	146148	214220	105105	183189	161169	126148	181183
1	TV4804	171177	173205	099101	146172	214222	105125	179179	151153	134148	167179
1	TV4805	167171	187193	099109	138146	214224	105105	189203	149169	144148	181186
1	TV4806	151179	185189	099101	158158	212214	105109	179189	151167	144148	179193
1	TV4807	171177	193195	099101	146160	220224	105105	189199	000000	126144	183193
1	TV4808	171171	173189	099111	146146	222232	105105	187000	000000	000000	000000
1	TV4809	145177	187189	113113	148150	220222	105105	175203	151169	132132	167183
1	TV4810	147171	195195	099115	146154	222230	105105	175187	151169	138148	167175
1	TV4811	145147	189189	099099	142146	220228	105105	175183	169169	144186	179183
1	TV4812	171177	175181	111111	148168	224228	105105	175000	167169	132132	181189
1	TV4813	171175	173195	099113	148168	212220	105105	179183	165169	140140	000000
1	TV4814	149179	205205	111121	158168	212238	105105	169175	165169	132142	183183
1	TV4815	171175	173195	099113	148168	212220	105105	179183	165169	140140	000000
1	TV4816	155175	000205	099113	162168	214220	105105	169175	000000	132132	180183
1	TV4817	149175	173195	099113	142162	220224	105109	179179	163165	140186	175186
1	TV4818	163171	181207	107107	146148	214224	105105	191000	167167	133144	183189
1	TV4819	000000	189193	112112	150152	212220	105105	183191	167169	133144	181187
1	TV4820	163177	195207	095114	148154	214224	109113	179199	151169	128133	187187
1	TV4821	169175	193205	111113	146150	220232	101105	189189	165169	133144	187187
1	TV4822	171171	189195	109113	142168	214224	105105	187000	165167	132144	169181
1	TV4823	171175	193195	099111	146146	220222	101105	187191	167169	148148	165187
1	TV4824	149171	173195	099099	142150	218220	105105	183183	169169	144186	181181
1	TV4825	151171	181195	099113	154168	224228	109109	175175	167167	144186	000000
1	TV4826	147171	189189	099099	146148	218228	105105	183000	167169	132186	183183
1	TV4827	000000	185189	100114	168168	214214	105105	179183	151169	132148	167167
1	TV4828	000000	189197	112112	152168	212214	105105	183187	163169	142148	179183
1	TV4829	171171	193195	109115	148162	214224	105109	175179	165169	132142	169177
1	TV4830	165175	175195	099121	154168	222222	101105	175191	167169	144148	183183
1	TV4831	149163	185193	099109	146162	214224	109113	175175	151175	126132	191191
1	TV4832	171175	193195	095109	160162	220224	113113	175191	161167	140148	191193
1	TV4833	165171	175189	095099	158168	220222	105125	175191	167167	140144	169183
1	TV4834	167167	175177	099123	146160	224224	101105	187199	151167	131144	187000
1	TV4835	165175	177203	109111	148158	220226	101105	175191	151167	140148	180191
1	TV4836	167171	193195	097111	146160	220222	113113	183199	151163	140144	000180
1	TV4837	171171	177195	109121	148158	224236	105109	175179	161167	138144	193195
1	TV4838	159175	193195	099113	146148	208224	105105	183191	151167	133144	177189
1	TV4839	149167	189193	095095	154160	224232	101105	191199	167167	128140	169193
1	TV5001	179179	201207	000000	162168	226226	105105	175175	151151	140140	187187
1	TV5002	153157	197197	099111	162170	222232	105121	175175	163163	126126	187189
1	TV5010	000000	000000	000000	000000	000000	000000	000000	163167	134142	181185
1	TV5013	000000	000000	000000	148150	218224	109121	175189	000000	000000	000000
1	TV5014	000000	000000	000000	148150	224228	109121	175183	000000	000000	000000
1	TV5015	000000	000000	000000	148160	218230	105121	175203	000000	000000	000000
1	TV5019	167169	185185	000000	150160	222238	105105	175175	163167	125138	169182
1	TV5020	167179	183185	099115	146150	208230	113121	175175	000000	000000	000000
1	TV5021	151185	193197	099099	150158	222224	105121	175175	000000	000000	000000
1	TV5022	149163	000000	097099	146150	208222	105105	175205	000000	000000	000000
1	TV5023	145149	193195	099107	170170	218236	121121	175185	163163	138000	189195
1	TV5024	167171	185185	101101	142144	222238	105105	175175	163167	138138	000182
1	TV5025	145161	187195	099117	142176	208240	105125	167189	163165	144144	169175
1	TV5026	151161	183195	099119	152176	222226	105125	199199	163165	144144	175185
1	TV5028	171179	197203	099107	142150	228236	105105	175175	000000	000000	000000
1	TV5029	171179	197203	099107	150150	228236	121121	175175	000000	000000	000000
1	TV5030	159169	173207	111115	150160	208238	105109	183183	000000	126126	000000
1	TV5031	165177	197197	099099	144148	208222	105109	175175	163175	123142	182189
1	TV5032	167171	185203	101107	142150	208236	109109	175175	163163	126138	179189
1	TV5033	163175	197197	099101	146170	208234	105105	175175	000000	132132	000000
1	TV5034	171171	193195	099107	142142	208208	105105	175175	000000	126126	191193
1	TV5035	137167	185187	101109	170170	226232	105109	183205	161167	126126	169175
1	TV5037	137163	197205	097099	148150	220220	105121	181213	161167	126126	171181
1	TV5038	153153	185201	091107	144160	222238	105105	175183	163165	138138	186195
1	TV5039	159167	175000	099105	150170	222236	105121	175175	151167	124138	169189
1	TV5040	135163	195195	099099	138142	236236	105105	175197	151175	132132	171182
1	TV5041	159163	185197	107111	148160	208218	105121	175175	163167	126126	182185
1	TV5042	137157	193193	099099	142160	218234	121121	183183	167167	125140	179193
1	TV5043	161175	185000	097111	142170	220230	105121	183213	163175	134138	182195
1	TV5044	137167	183195	101107	142170	218228	105105	175185	167167	126186	171175
1	TV5045	145167	173199	107109	160160	218242	105121	175175	151163	132138	186193
1	TV5046	149163	191193	099111	148170	220238	121121	175195	151163	132132	170182
1	TV5047	159165	173173	099099	142142	218220	105105	175175	163167	132138	169187
1	TV5048	163183	193195	111111	148150	224224	101105	175000	163175	124138	181187
1	TV5049	161169	195197	097099	150150	208208	121125	175175	163171	132132	169179
1	TV5050	159169	173199	107111	144148	208222	105121	175175	151167	123138	169179
1	TV5051	163163	185185	111115	000000	000000	000000	000000	165167	126126	181185
1	TV5052	169175	185197	097099	150170	208208	109125	175199	151171	128132	169193
1	TV5053	169175	185197	097099	150170	208208	109125	175199	151171	128132	169193
1	TV5054	137171	183183	099099	148160	228234	105105	175183	000000	000000	000000
1	TV5055	151169	173197	111111	142148	208224	109125	175215	000000	000000	000000
1	TV5056	157165	193199	099099	146150	208214	105121	175203	165169	124138	171192
1	TV5057	159169	185187	099113	152152	208214	105117	187201	149167	132132	161000
1	TV5058	165179	187199	091117	146158	214222	105105	175185	151163	138148	171183
1	TV5059	149159	187199	111117	146158	208224	105105	175201	151165	132156	171190
1	TV5060	149159	187199	111117	146158	208224	105105	175201	151165	132156	171190
1	TV5061	149159	187199	111117	146158	208224	105105	175201	151165	132156	171190
1	TV5062	159163	183185	121121	150158	208218	105109	175201	167167	128156	169182
1	TV5063	157165	173187	099107	146150	208214	105105	175175	151169	124156	171192
1	TV5064	163167	000195	099099	142170	220232	105109	175213	161163	123138	185187
1	TV5065	157165	173187	099107	148170	218220	121121	175213	167167	123140	182189
1	TV5066	157169	183193	097097	142154	214222	109121	191203	163175	125128	180185
1	TV5067	137171	209209	099099	142142	214214	109121	175175	163175	132140	181187
1	TV5068	151157	173203	095109	150150	218222	121121	175183	163163	125125	185189
1	TV5069	137167	183193	097097	162170	214222	105121	175191	000000	000000	000000
1	TV5070	000169	000000	000000	000000	000000	000000	175000	000000	000000	000000
1	TV5071	151169	173197	099099	170170	218224	109121	175195	151167	123134	169189
1	TV5073	145153	173205	115115	148148	218220	105121	175175	163163	138138	181195
1	TV5074	159171	173187	107117	150152	214214	105121	175175	000000	000000	000000
1	TV5075	137153	195203	107107	150162	224236	109121	175175	163167	128138	169189
1	TV5076	159159	181181	099099	000170	000000	121121	000000	167167	124138	181189
1	TV5077	149157	173173	099099	000154	214228	105105	175199	163169	126126	169192
1	TV5078	159169	191191	107107	000000	000000	000000	000000	151161	126126	169187
1	TV5079	149153	195207	099099	150152	208234	105121	175175	151163	134138	179181
1	TV5080	159177	000000	097099	150170	222224	109121	175175	167167	124138	169189
1	TV5081	161169	197197	107121	150170	224230	109121	175175	163167	134138	169191
1	TV5082	161167	197197	099125	152164	208220	105105	175183	151165	124124	181189
1	TV5083	171173	175193	093107	000000	000000	105105	175189	000169	000000	150192
1	TV5084	163163	181185	097097	138164	230234	105113	183201	151153	138138	169185
1	TV5085	149167	195199	097097	142172	208224	105105	175183	165175	125125	169187
1	TV5086	137167	197197	107107	142146	222224	105109	175000	159165	126138	181195
1	TV5087	157163	000199	099099	160170	214218	105121	000213	163177	126186	185193
1	TV5088	157161	185185	099111	142160	222238	105105	000000	151177	124134	189189
1	TV5111	000000	000000	000000	148162	208208	105121	175175	161169	126138	181194
1	TV5112	000000	000000	000000	170170	220228	109121	175175	151167	131138	182189
1	TV5113	163165	203203	099111	142170	208234	109121	175175	161167	131138	182189
1	TV5114	000000	000000	000000	142170	208210	105105	183203	151167	126138	182195
1	TV5115	163171	175193	107109	146162	224224	105105	191191	151000	134142	169189
1	TV5116	163177	185197	099107	146148	224234	121121	175175	000000	000000	000000
1	TV5117	163171	195207	111111	148162	220224	105105	175191	151161	133142	189191
1	TV5118	155157	175175	099107	146154	224226	109109	175179	151175	142142	189195
1	TV5119	145163	181207	111111	148168	220232	105105	175191	151167	126133	180183
1	TV5120	000000	000000	000000	148168	222224	121125	167175	165175	129129	173182
1	TV5121	159163	175189	000000	148148	214220	105121	175189	151151	126126	179189
1	TV5122	151171	185197	111113	168168	214234	101105	175199	161167	127148	167186
1	TV5123	000000	000000	000000	152154	220224	109117	183183	167169	128129	150193
1	TV5124	159179	179179	107121	152162	208228	105105	189203	151165	125140	169194
1	TV5125	149171	177185	091091	000000	220238	000000	179187	161163	140164	169175
1	TV5126	169175	185185	109115	146154	214234	105109	183191	167167	127134	150182
1	TV5127	159169	185199	113113	146152	214224	105105	167183	167167	125126	150192
1	TV5128	169171	175195	123123	152168	220236	105105	183199	167167	142144	161182
1	TV5129	149175	189205	095109	146168	228232	105105	000000	151163	000000	000000
1	TV5130	159173	185197	113113	146150	212220	105105	183187	161167	135142	183189
1	TV5131	169179	173193	101101	162168	214228	105109	185189	165169	126170	150169
1	TV5132	149157	175197	113113	152154	210214	105105	197203	151167	138142	186193
1	TV5138	149173	195195	095095	146156	210234	109121	000000	151163	126127	171182
1	TV5139	155165	175189	109119	154168	210222	105109	000000	163165	133156	171193
1	TV5140	149173	175175	095095	146154	228234	105121	175175	151167	126133	181181
1	TV5141	155155	193195	095095	000000	000000	000000	000000	000000	000000	000000
1	TV5142	000000	000000	000000	156000	210224	105109	189189	000000	000000	000000
1	TV5143	159171	185195	117117	146150	224238	105105	179197	000000	140144	169182
1	TV5144	000000	000000	000000	154154	226234	105109	183189	163163	130132	181187
1	TV5145	159163	195205	095095	142142	208212	109109	181191	151169	132142	161187
1	TV5146	159171	197207	097099	138142	208234	109109	175201	000000	000000	000000
1	TV5147	171179	173195	095119	142146	222234	105113	167203	163163	129130	169181
1	TV5148	159179	173185	119119	142146	222234	105113	175203	000000	000000	000000
1	TV5149	155175	197197	095111	150162	234236	109125	175183	163167	142142	000193
1	TV5150	155159	195199	095095	142170	234234	109109	181189	163167	129134	161177
1	TV5151	163165	173205	091095	150150	232234	105109	183183	163169	142168	161179
1	TV5152	163165	173205	091095	150150	232234	105109	183183	163169	142168	161179
1	TV5153	163165	173205	091095	150150	232234	105109	183183	163169	142168	161179
1	TV5154	137163	183209	111111	000000	000000	000000	000000	153177	124132	179185
1	TV5155	000000	000000	000000	142142	208234	109125	175189	000000	000000	000000
1	TV5156	159163	197197	113119	142142	208234	109125	175189	151167	129131	000000
1	TV5157	159163	197197	113119	142142	208234	109125	175189	151167	129131	169173
1	TV5158	159163	197197	113119	142142	208234	109125	175189	151167	129131	169173
1	TV5159	159163	197197	113119	142142	208234	109125	175189	151167	129131	169173
1	TV5160	159163	197197	113119	142142	208234	109125	175189	151167	129131	169173
1	TV5161	159163	197197	113119	142142	208234	109125	175189	151167	129131	169173
1	TV5163	165175	185195	107107	142146	208214	105121	175183	163167	138138	187193
1	TV5164	137167	183187	099111	144172	208214	105105	175175	000000	000000	000000
1	TV5165	165167	185000	099121	150166	210222	105105	177207	151151	126138	189193
1	TV5166	177177	193195	097099	142146	222224	105121	183207	151169	138144	000000
1	TV5167	163177	195197	095099	142150	208250	109121	181207	151167	138142	161195
1	TV5168	175177	185000	107111	142150	226252	109121	175207	151163	124124	189193
1	TV5169	175177	191195	099121	148150	226252	105121	189207	000000	000000	000000
1	TV5170	000000	000000	000000	142164	208220	105105	183189	000000	000000	000000
1	TV5171	149153	000000	091095	150162	224232	105105	175187	167167	142144	181195
1	TV5172	149163	185195	111111	154168	208224	105109	183191	165167	125140	150182
1	TV5173	155163	189195	111119	148148	206208	105105	175183	167167	123138	182000
1	TV5174	159163	193195	101121	146154	226236	105121	183201	165167	138138	187193
1	TV5175	149179	195195	095111	154154	224226	105113	175175	167167	125140	150187
1	TV5176	149179	195195	000000	154154	224226	105113	175175	167167	125140	150187
1	TV5177	177179	185191	107121	148150	208222	105121	183207	151165	124138	182000
1	TV5178	145163	195195	099121	154162	208230	105105	175183	165167	131138	181187
1	TV5179	163167	195207	099121	146154	226232	101105	175175	165165	127138	173182
1	TV5180	159175	195205	099115	148148	214232	109109	175213	163167	124138	171193
1	TV5181	155183	175205	095099	150150	218224	105105	175189	169169	134156	175193
1	TV5182	149179	181183	111111	142142	226234	105109	175187	151165	128142	177193
1	TV5183	163165	195195	103103	154158	220226	109113	187207	151163	127186	195198
1	TV5184	161165	187205	099111	146154	214216	105105	175183	151167	129142	181181
1	TV5185	000000	000000	000000	142160	222232	105105	175183	163167	123138	000175
1	TV5186	171171	173189	095115	146154	218220	105113	189207	151153	000000	185191
1	TV5187	171183	175193	093093	150150	218224	105105	183191	000000	000000	000000
1	TV5188	171171	189189	091099	140150	214230	105121	175175	165169	123140	176000
1	TV5189	167171	187207	117117	142146	222234	105105	191207	165169	130138	000196
1	TV5190	163165	187195	111119	000000	000000	000000	000000	163165	126128	169181
1	TV5191	157167	187195	117119	000000	000000	000000	000000	167169	123138	000189
1	TV5192	161163	187187	119121	146148	220232	105105	183197	151151	133144	193195
1	TV5193	169185	193195	099107	142162	222234	109113	175203	151161	126126	179182
1	TV5194	159159	185195	095099	144160	208222	105105	175183	165167	134138	182195
1	TV5195	171181	197197	091093	148158	230232	105105	175175	000000	123138	180190
1	TV5196	163167	175205	099115	142152	212236	105105	175207	163167	123126	173193
1	TV5197	163171	173187	091121	158168	214234	105105	175183	169169	134152	181181
1	TV5198	145157	197197	095099	146160	214218	105105	175197	167167	123138	180193
1	TV5199	000000	000000	000000	154162	208208	105105	175183	163163	123124	169187
1	TV5200	163171	189195	099121	146148	212222	105113	183205	163169	134140	179179
1	TV5201	159163	191203	097099	144160	208234	109113	175199	161167	124131	182195
1	TV5202	161163	181187	097099	150162	232236	105109	183207	151167	140140	177193
1	TV5203	151159	187187	099115	142170	222224	105105	191203	151165	124140	173181
1	TV5204	145163	179195	097113	150150	228234	105105	203203	151175	140142	170175
1	TV5205	149165	191195	099099	146162	218226	101109	175197	151167	123126	175179
1	TV5206	165167	197197	091111	146148	204230	109109	175189	163163	126126	179181
1	TV5207	169173	187187	091099	148158	220230	105105	183189	165169	123134	177181
1	TV5208	161163	195207	099119	146146	224234	101113	175189	151167	123140	169195
1	TV5209	145165	187187	099099	148154	212234	105121	183203	151167	140142	175182
1	TV5210	147163	181209	095095	154168	220234	105109	175175	163163	134152	169183
1	TV5211	000000	000000	000000	148158	210234	109113	183203	163167	127134	150183
1	TV5212	169173	177199	101115	146146	216220	109109	175189	151165	140140	169194
1	TV5213	159167	173195	091123	150166	228230	109109	175177	151161	125142	179193
1	TV5214	171171	173173	099099	150150	214224	109109	175000	161169	123152	181000
1	TV5215	000000	000000	000000	148162	222224	105109	189191	151169	127127	150179
1	TV5216	161175	175197	099119	152154	222234	105109	000201	165165	000000	181182
1	TV5217	157159	177199	093121	154162	212218	109109	179213	165169	126142	171193
1	TV5218	175179	175193	109109	150168	222224	105109	175000	163163	126156	150193
1	TV5219	167167	191197	115121	158168	224226	105105	175195	163169	140144	191193
1	TV5220	155157	195199	119121	148154	212226	109109	179191	167169	128133	000191
1	TV5221	000000	000000	000000	148162	226226	105109	175191	151161	127140	169195
1	TV5222	000000	000000	000000	146150	222234	105109	189189	161165	128144	181187
1	TV5223	171179	193193	107121	146162	214226	109125	175183	000000	000000	000000
1	TV5224	167171	189195	117121	148168	208234	105121	175179	151163	127144	181195
1	TV5225	153179	000193	109121	148150	208218	109109	175179	151163	134142	191195
1	TV5226	173179	195197	099109	158178	214224	105125	175181	151175	128138	191195
1	TV5227	161165	175197	099111	150156	222234	105105	000201	163165	128156	181182
1	TV5228	159179	181199	093121	146148	212226	109125	179183	000000	000000	000000
1	TV5229	153157	179193	109121	148150	218226	109109	175179	151169	142144	191195
1	TV5230	155159	193197	111121	152158	222226	105105	175189	161165	128129	150181
1	TV5231	169175	193199	115117	154158	224226	105125	175199	151151	142144	150194
1	TV5232	161169	195197	111111	150162	220222	105105	175189	165175	128128	181194
1	TV5233	155159	191203	099109	150162	220226	105105	183187	163169	134140	150181
1	TV5234	171173	195207	095121	152154	214222	105105	179197	163167	127132	189000
1	TV5235	167175	179205	095105	148168	220222	105125	179179	151151	134142	173182
1	TV5236	161179	193197	119121	152178	220224	105109	175189	165169	126132	167181
1	TV5237	153161	173195	091095	150170	208224	105109	189203	151161	132142	187194
1	TV5238	161165	175195	091099	150168	208234	105105	000203	151163	127142	193194
1	TV5239	159161	173195	095099	148170	224224	109109	000000	161167	142142	000000
1	TV5240	153161	173179	095121	150158	208214	105109	189189	151151	132142	187197
1	TV5241	153173	173179	093121	158162	208234	109121	175175	151151	127144	187187
1	TV5242	153167	179195	099111	150162	220234	105105	175183	151169	127140	175187
1	TV5243	165173	173207	093093	162168	208214	105105	175187	163167	140144	175187
1	TV5244	169169	173189	091099	162168	224226	109121	175189	163169	142144	187195
1	TV5245	161173	000000	000000	154160	214222	105105	179183	165167	128134	175179
1	TV5246	173173	173177	093093	150158	000000	105109	175195	163167	129142	186187
1	TV5247	161171	179195	095095	148148	222226	105105	183189	165175	129142	150182
1	TV5248	000000	000000	000000	146168	220220	109125	179179	151181	123123	173194
1	TV5249	157157	195195	099099	146148	224230	105113	177179	163165	134142	188195
1	TV5250	151163	195205	105115	148152	220224	105125	175193	151163	134162	173181
1	TV5251	157157	177195	095099	148154	216230	109109	177177	161161	134158	188195
1	TV5252	169169	205205	105111	154160	218218	105109	181205	151151	123134	181183
1	TV5253	149159	173177	099109	148152	226226	109125	175179	167169	123138	150173
1	TV5254	157169	177205	099109	148154	218230	109109	177181	151151	126134	181189
1	TV5255	157161	195205	099111	154160	218230	109109	177179	161167	126129	179188
1	TV5256	163171	173205	105109	148168	218220	105109	175197	151167	140162	173173
1	TV5257	157175	177205	095105	148168	220224	109109	179179	151161	134134	173195
1	TV5258	157169	187205	099105	154168	224230	109109	175175	151165	123142	173173
1	TV5259	149159	177181	099113	146152	224226	105105	175211	167169	127152	173175
1	TV5260	149175	189197	099099	150170	224234	105125	175201	165167	125134	173185
1	TV5261	169171	187197	091123	172176	234240	105105	167199	165165	134142	173189
1	TV5262	159165	181197	101113	146150	224226	105113	199211	151169	124127	175179
1	TV5263	165171	000000	000000	150150	220226	109113	189197	151165	124142	175179
1	TV5264	000000	000000	000000	150150	226242	105109	189197	151165	134142	175179
1	TV5265	000000	000000	000000	142170	238242	113125	183183	163163	129140	185186
1	TV5266	155169	197197	111115	142144	208220	105113	187191	153165	132132	181183
1	TV5267	159165	000000	000000	150152	214222	105113	179191	151153	125126	161000
1	TV5268	157163	175205	099099	148170	226236	105121	175213	151167	126138	171195
1	TV5269	165175	173193	099109	142176	220222	105109	175195	163163	126134	183189
1	TV5270	167169	173195	099123	144176	224234	105109	195209	165165	134142	179181
1	TV5271	145171	000000	000000	154168	224226	109121	175197	153161	126138	179189
1	TV5272	163169	000000	000000	160162	232234	109121	175191	167167	132142	177199
1	TV5273	149195	179197	109109	150158	218224	109109	183189	151169	126126	169181
1	TV5274	155175	197197	107123	158176	220220	105105	167195	165165	132134	181181
1	TV5275	139165	187197	099105	130150	224224	105109	175175	161167	123138	169170
1	TV5276	173177	181197	095099	000000	000000	000000	000000	163165	132144	167192
1	TV5277	165171	195195	000000	150162	218222	109109	175175	151167	140142	171175
1	TV5278	149175	187197	099099	146170	214214	109121	187197	153167	126134	189208
1	TV5279	175181	193197	107107	158170	220226	105109	167215	165165	132156	181181
1	TV5280	169175	173197	099115	142158	220220	105105	167195	151163	132134	181181
1	TV5281	169171	195195	099121	154176	222224	105109	173187	161165	136144	181185
1	TV5282	159169	187195	099121	154160	220224	109109	173199	000000	000000	000000
1	TV5283	149171	173177	095109	150154	220220	109121	189189	000000	000000	000000
1	TV5284	165165	175185	099099	160170	222234	125125	175183	161167	134166	161179
1	TV5285	161163	203207	099111	150170	216218	113125	179183	163165	129132	169183
1	TV5286	000000	000000	000000	146154	218226	105125	189191	151169	136140	179181
1	TV5287	171171	179197	095115	150160	218238	105105	183189	163165	138158	181185
1	TV5288	171175	177193	097115	152160	226238	105105	181191	163163	125129	175185
1	TV5289	145175	187193	099119	162164	208212	105105	000199	161167	134134	192193
1	TV5290	171179	173175	095095	150168	224224	109109	175179	165167	126140	161187
1	TV5291	149175	189195	091107	158172	212240	105105	189199	151163	132142	181189
1	TV5292	161171	173195	099099	152154	222226	105113	181207	151165	126138	175189
1	TV5293	157157	173177	099115	152154	230232	121121	179197	165165	129140	169173
1	TV5294	171175	173173	099099	130146	208226	105105	195199	163169	126142	185189
1	TV5295	149167	173185	099115	148170	208228	105109	175179	163163	138138	186195
1	TV5296	159171	173175	095097	142150	210224	105109	175191	163165	127134	179179
1	TV5297	161165	173191	109109	146152	208216	109109	183183	163169	126126	175196
1	TV5298	157161	183195	109109	138154	210224	109109	175179	165167	126129	181189
1	TV5299	161167	187187	099099	154154	220228	105109	177199	149149	132140	185192
1	TV5300	149169	173197	097097	146154	222226	109125	189191	151169	125126	175181
1	TV5301	145165	173195	091099	142150	208228	113113	179189	163163	125142	187191
1	TV5302	173175	173197	111111	142152	208216	101105	167175	000000	000000	000000
1	TV5303	151171	189189	099099	162168	220224	105109	179183	165169	134148	175179
1	TV5304	173175	175177	111113	160168	222228	101109	167191	165169	129148	187196
1	TV5305	151169	187195	099099	154166	214224	109109	175183	169169	129133	179182
1	TV5306	149177	193195	099099	142146	224224	105105	187189	151165	144186	175187
1	TV5307	149175	177195	111111	146162	210224	105109	191211	151163	129138	175179
1	TV5308	000000	000000	000000	154170	222222	105125	183191	151165	129132	177182
1	TV5309	000000	000000	000000	148162	220226	105105	183189	163169	128144	167191
1	TV5310	149181	175175	099099	150162	224224	105109	185187	151151	129138	175189
1	TV5311	171171	189189	099099	146168	214220	105109	183000	165169	134144	175183
1	TV5312	169171	187193	099099	152152	222224	105105	187187	165169	133140	179187
1	TV5313	167169	000000	099111	146152	210242	105105	189205	169179	130133	187190
